

Insert into MsComponent values
('CO001', 'Cable', 'Raw Material', '6000'),
('CO002', 'Switch', 'Raw Material', '7000'),
('CO003', 'Bolt', 'Raw Material', '8000'),
('CO004', 'woods', 'Raw Material', '9000'),
('CO005', 'Iron', 'Raw Material', '10000'),
('CO006', 'LCD', 'Raw Material', '11000'),
('CO007', 'Conus', 'Raw Material', '12000'),
('CO008', 'Battery', 'Raw Material', '13000'),
('CO009', 'Nut', 'Raw Material', '14000'),
('CO010', 'Screw', 'Raw Material', '15000')
select * from MsComponent


INSERT INTO MsStaff VALUES
('ST001', 'Anis', 'nis@gmail.com', '081212345' , '2000-07-31', 'Male', 'Kebon Kacang No.1', '8000000'),
('ST002', 'Hanafi', 'Yann@gmail.com', '081212346', '2000-02-20', 'Male', 'Rawa Belong No.1A', '9000000'),
('ST003', 'Amel', 'Ade@gmail.com', '081212347','2001-01-14', 'Female', 'Tanah Abang No.2B', '1000000'),
('ST004', 'Alifia', 'Liff@gmail.com','081212348', '2002-08-19', 'Female', 'Kebon pala No. 2C', '5000000'),
('ST005', 'Odelia', 'Dell@gmail.com', '081212349', '2002-06-30', 'Female', 'Kebon jeruk No. 3A', '1000000'),
('ST006', 'Rizky', 'Kyyy@yahoo.com', '081212310', '2000-09-28', 'Male', 'Kemang gisan No. 10A', '2000000'),
('ST007', 'jamal', 'JML@yahoo.com', '081212311', '1999-04-07', 'Male', 'Taman Angrek No.11A', '8000000'),
('ST008', 'Amzar', 'MZrrr@yahoo.com','081212312',  '1999-05-08', 'Male', 'Mampang Prapatan No.18', '9000000'),
('ST009', 'Widia', 'dway@yahoo.com','081212313',  '2000-03-17', 'Female', 'Kemang raya No.1D', '15000000'),
('ST010', 'Icha', 'OchaIjo@yahoo.com','081212314', '2003-02-27', 'Female', 'Hang Tuah No.9', '10000000')
Select * From MsStaff



INSERT INTO MsVendor  VALUES
('VE001', 'Umar', 'Sungkar@gmail.com', '0858374635302', '1995-03-03', 'Male', 'Kota Tua No.18P'),
('VE002', 'Wirza', 'Jawir@gmail.com', '0858283947326', '1993-04-05', 'Male', 'Sudirman Raya No.17'),
('VE003', 'Erika', 'Kaer@gmail.com', '0858364927462', '1996-12-28', 'Female', 'Grogol Raya no.1'),
('VE004', 'Khodid', 'Odid@gmail.com', '0858364927542', '1990-07-15', 'Male', 'Thamrin no.4'),
('VE005', 'Lotus', 'Lotus@gmail.com', '0858384937254', '1980-11-14', 'Male', 'Dago raya no.8A'),
('VE006', 'Farhan', 'AAn@yahoo.com', '0858593746382', '1987-08-23', 'Male', 'Pematang Siantar No.57'),
('VE007', 'Irsyad', 'Icad@yahoo.com', '08587401837401', '2000-09-27', 'Male', 'Bukit Tinggi Raya No.6E'),
('VE008', 'Adrian', 'Adr@yahoo.com', '0858475920488', '1999-01-25', 'Male', 'Senopati No.56'),
('VE009', 'Andreanna', 'Andf@yahoo.com', '0858399273627', '2001-04-17', 'Female', 'Marlboro No.34'),
('VE010', 'Pessa', 'Pessa@yahoo.com', '085874525374', '2002-10-05', 'Female', 'Ciputat Raya No.14')
Select * from MsVendor

INSERT INTO MsCustomer VALUES
('CU001', 'Michael Pato', 'Mich@yahoo.com','+62857539811', '2000-01-01', 'Male', 'Kemang Raya No.8S'),
('CU002', 'Franklin Joko', 'Frank@gmail.com','+62857539812', '2001-12-05', 'Male', 'Pejaten No.4K'),
('CU003', 'Trevor', 'Trev@yahoo.com','+62857539813', '2002-06-08', 'Male', 'Duren Tiga No.20'),
('CU004', 'Lester', 'Lester@gmail.com','+62857539814', '1999-01-25', 'Male', 'Pancoran No.1A'),
('CU005', 'Jessica', 'Jess@gmail.com','+62857539815', '2001-09-20', 'Female', 'Kakap No.7D'),
('CU006', 'Casey', 'Casey@gmail.com','+62857539816', '2001-09-16', 'Female', 'Hang Lekiw No.12B'),
('CU007', 'Amanda Dewita', 'Amanda@gmail.com','+62857539817', '1997-04-10', 'Female', 'Pondok Jaya No.15L'),
('CU008', 'Liantey', 'Lia@gmail.com','+62857539818', '1998-08-09', 'Female', 'Ragunan No.10A'),
('CU009', 'Linda Kaithlyn', 'Linda@gmail.com','+62857539819', '2001-03-04', 'Female', 'Kuningan Raya No.3C'),
('CU010', 'Yvette', 'yvett@gmail.com','+62857539831', '2001-02-01', 'Female', 'Antasari No.5A'),
('CU011', 'Jack', 'Jack@gmail.com','+628575398333', '2001-02-01', 'Male', 'Mampang No.18A')
Select * from MsCustomer

INSERT INTO MsProductCategory VALUES
('PC001','Chair'),
('PC002','Keyboard'),
('PC003','Mouse'),
('PC004','Table'),
('PC005','Headphone'),
('PC006','Speaker'),
('PC007','Monitor'),
('PC008','Laptop'),
('PC009','Computer'),
('PC010','Accessories')
select * from MsProductCategory

INSERT INTO MsProduct VALUES
('PR001', 'PC001', 'Gaming Chair', 'comfortable chair for playing games','20','10000'),
('PR002', 'PC002', 'Logitech Keyboard Gaming', 'comfortable keyboard for playing games','5','100000'),
('PR003', 'PC003', 'T-Dagger Mouse Gaming ', 'comfortable mouse for playing games','1','50000'),
('PR004', 'PC004', 'Raptor Gaming Table', 'comfortable table for playing games','30','1000000'),
('PR005', 'PC005', 'T-Dagger Headphone', 'comfortable headphone for playing games','2','200000'),
('PR006', 'PC006', 'JBL Speaker', 'comfortable speaker for playing games','1','300000'),
('PR007', 'PC007', 'Logitech Monitor', 'comfortable monitor for playing games','10','5000000'),
('PR008', 'PC008', 'Lenovo Laptop Slim', 'comfortable laptop for playing games','15','17000000'),
('PR009', 'PC009', 'Asus Computer Gaming', 'comfortable Computer for playing games','35','30000000'),
('PR010', 'PC010', 'Gaming Cable Charging', 'cable charging for recharge mouse','1','50000')
select * from MsProduct

INSERT INTO ComponentTransaction VALUES
('CT001','ST001', 'VE001', '2019-01-10', 'CO001', '60'),
('CT002','ST002', 'VE002', '2019-01-13', 'CO002', '70'),
('CT003','ST003', 'VE003', '2019-01-17', 'CO003', '80'),
('CT004','ST004', 'VE004', '2019-01-20', 'CO004', '90'),
('CT005','ST005', 'VE005', '2020-02-02', 'CO005', '30'),
('CT006','ST006', 'VE006', '2020-02-02', 'CO006', '40'),
('CT007','ST007', 'VE007', '2021-02-17', 'CO007', '50'),
('CT008','ST008', 'VE008', '2021-02-20', 'CO008', '100'),
('CT009','ST009', 'VE009', '2021-02-27', 'CO009', '70'),
('CT010','ST010', 'VE010', '2021-02-20', 'CO010', '90'),
('CT011','ST001', 'VE001', '2021-03-10', 'CO002', '89'),
('CT012','ST002', 'VE002', '2022-03-14', 'CO003', '67'),
('CT013','ST003', 'VE003', '2022-03-18', 'CO004', '54'),
('CT014','ST004', 'VE004', '2022-04-06', 'CO005', '79'),
('CT015','ST005', 'VE005', '2022-04-21', 'CO006', '40')
select * from ComponentTransaction

INSERT INTO ComponentTransactionDetail VALUES 
('CT001','CO001', '60'),
('CT002','CO002', '70'),
('CT003','CO003', '80'),
('CT004','CO004', '90'),
('CT005','CO005', '30'),
('CT006','CO006', '40'),
('CT007','CO007', '50'),
('CT008','CO008', '100'),
('CT009','CO009', '20'),
('CT010','CO001', '37'),
('CT011','CO002', '89'),
('CT012','CO003', '67'),
('CT013','CO004', '54'),
('CT014','CO005', '79'),
('CT015','CO006', '40'),
('CT001','CO001', '60'),
('CT002','CO002', '70'),
('CT003','CO003', '80'),
('CT004','CO004', '90'),
('CT005','CO005', '30'),
('CT006','CO006', '40'),
('CT007','CO007', '50'),
('CT008','CO008', '100'),
('CT009','CO009', '20'),
('CT010','CO001', '37')

select * from ComponentTransactionDetail

INSERT INTO ProductTransaction VALUES 
('PT001','ST001','CU001','2019-02-02','PR001', '2'),
('PT002','ST002','CU002','2019-02-08','PR002', '1'),
('PT003','ST003','CU003','2019-02-14','PR003', '1'),
('PT004','ST004','CU004','2019-02-15','PR004', '4'),
('PT005','ST005','CU005','2020-02-18','PR005', '1'),
('PT006','ST006','CU006','2020-02-20','PR006', '1'),
('PT007','ST007','CU007','2020-02-24','PR007', '1'),
('PT008','ST008','CU008','2021-02-25','PR008', '1'),
('PT009','ST009','CU009','2021-03-01','PR009', '1'),
('PT010','ST010','CU010','2021-03-05','PR010', '1'),
('PT011','ST001','CU001','2021-03-09','PR001', '2'),
('PT012','ST002','CU002','2022-03-16','PR002', '1'),
('PT013','ST003','CU003','2022-03-20','PR003', '1'),
('PT014','ST004','CU004','2022-04-05','PR004', '4'),
('PT015','ST005','CU005','2022-04-10','PR005', '1'),
('PT016','ST006','CU011','2022-09-10','PR008', '1')
select * from ProductTransaction

INSERT INTO ProductTransactionDetail VALUES 
('PT001','PR001', '2'),
('PT002','PR002', '1'),
('PT003','PR003', '1'),
('PT004','PR004', '4'),
('PT005','PR005', '1'),
('PT006','PR006', '1'),
('PT007','PR007', '1'),
('PT008','PR008', '1'),
('PT009','PR009', '1'),
('PT010','PR010', '1'),
('PT011','PR001', '2'),
('PT012','PR002', '1'),
('PT013','PR003', '1'),
('PT014','PR004', '4'),
('PT015','PR005', '1'),
('PT016','PR008', '1'),
('PT001','PR001', '2'),
('PT002','PR002', '1'),
('PT003','PR003', '1'),
('PT004','PR004', '4'),
('PT005','PR005', '1'),
('PT006','PR006', '1'),
('PT007','PR007', '1'),
('PT008','PR008', '1'),
('PT009','PR009', '1'),
('PT010','PR010', '1')
select * from ProductTransactionDetail
